"410d567a-8fb9-4395-974d-d7dcd7a2db3c","Bugs are always annoying."
"2c91ee1c-f63e-42e9-bdfd-11cf6e790201","Bugs are always annoying."
"88a8695b-a74c-4508-9b17-a15ba190f4de","Bugs are always annoying."
"840921e2-9130-48f9-804c-9deabbdf8e9e","Bugs are always annoying."
"beb202b8-319b-428e-a81d-b6cf8b1e07ce","Bugs are always annoying."
"f43b92cf-04a0-492f-bd12-9d365f88f0d6","Bugs are always annoying."
"f287fa02-33e8-447f-ad35-456599f84dd5","Bugs are always annoying."
"df8496fb-de67-4910-aa56-2064353471f8","Bugs are always annoying."
"4d5793e9-7565-4009-8631-15dda2b6e508","Bugs are always annoying."
"c832b900-2fe6-453e-993f-7b5bcd32670e","Bugs are always annoying."
"5bbd0c63-8667-4580-ad20-5c80a88431df","Bugs are always annoying."
